id,user_id,wallet_id,merchant,category,amount,location,date
1,1,1,Best Buy,Entertainment,60.04,Forest Hill,2024-09-07 13:06:41
2,4,4,Walmart,Health,14.03,Forest Hill,2024-09-07 12:18:04
3,4,4,Home Depot,Shopping,13.35,Central Ward,2024-09-07 09:55:54
4,1,1,Uber,Entertainment,11.22,Weequahic,2024-09-08 21:06:28
5,4,4,Walmart,Groceries,10.4,Vailsburg,2024-09-08 17:49:53
6,4,4,McDonald's,Entertainment,13.0,University Heights,2024-09-09 12:00:18
7,1,1,Amazon,Entertainment,4.78,Forest Hill,2024-09-09 22:49:51
8,3,3,Apple,Groceries,2.71,Ironbound District,2024-09-10 19:39:51
9,3,3,CVS,Groceries,26.01,Downtown Newark,2024-09-10 09:11:38
10,4,4,Best Buy,Groceries,89.45,Ironbound District,2024-09-10 19:32:49
11,4,4,Starbucks,Entertainment,204.56,Ironbound District,2024-09-11 12:48:15
12,2,2,Apple,Entertainment,16.35,Weequahic,2024-09-11 14:06:23
13,2,2,Uber,Transport,2.4,Downtown Newark,2024-09-12 08:36:04
14,1,1,Best Buy,Health,8.25,Vailsburg,2024-09-12 22:23:02
15,1,1,Uber,Shopping,6.1,Downtown Newark,2024-09-12 21:21:30
16,1,1,McDonald's,Entertainment,55.32,Downtown Newark,2024-09-13 13:41:13
17,1,1,Walmart,Shopping,10.12,Vailsburg,2024-09-14 22:09:48
18,2,2,Best Buy,Health,30.73,Ironbound District,2024-09-15 15:04:27
19,3,3,Apple,Food,14.14,Forest Hill,2024-09-16 08:05:46
20,3,3,Amazon,Health,7.35,Vailsburg,2024-09-16 14:26:12
21,1,1,Target,Health,40.67,University Heights,2024-09-19 14:38:57
22,1,1,Amazon,Transport,2.85,Forest Hill,2024-09-20 12:29:34
23,4,4,Home Depot,Entertainment,3.43,University Heights,2024-09-21 18:15:48
24,4,4,Apple,Transport,8.02,Central Ward,2024-09-21 21:58:37
25,3,3,Amazon,Shopping,32.96,Downtown Newark,2024-09-21 14:46:32
26,3,3,Amazon,Shopping,13.03,Vailsburg,2024-09-22 19:41:13
27,4,4,Walmart,Electronics,22.57,Weequahic,2024-09-22 17:25:38
28,2,2,Home Depot,Entertainment,54.54,Weequahic,2024-09-22 19:09:11
29,1,1,Apple,Electronics,3.63,Central Ward,2024-09-23 11:41:37
30,2,2,Uber,Groceries,27.85,Weequahic,2024-09-23 20:48:48
31,1,1,Best Buy,Entertainment,108.36,Ironbound District,2024-09-23 09:07:00
32,1,1,Apple,Entertainment,11.13,Forest Hill,2024-09-24 20:07:16
33,3,3,Uber,Health,169.14,Ironbound District,2024-09-25 14:14:30
34,1,1,CVS,Entertainment,8.06,Forest Hill,2024-09-25 11:27:05
35,4,4,Best Buy,Transport,13.0,University Heights,2024-09-25 10:14:38
36,3,3,Home Depot,Groceries,18.64,Central Ward,2024-09-26 09:37:53
37,3,3,Starbucks,Health,3.69,Central Ward,2024-09-27 10:07:25
38,4,4,Target,Food,14.11,University Heights,2024-09-28 14:28:40
39,1,1,Walmart,Electronics,39.98,University Heights,2024-09-29 12:08:07
40,2,2,Starbucks,Groceries,8.92,Downtown Newark,2024-10-02 18:14:25
41,2,2,CVS,Transport,10.05,Central Ward,2024-10-03 13:47:24
42,3,3,Target,Health,122.4,Central Ward,2024-10-03 14:56:57
43,1,1,Target,Groceries,12.76,Central Ward,2024-10-03 12:33:11
44,3,3,Apple,Shopping,15.13,Forest Hill,2024-10-04 22:33:08
45,2,2,Target,Electronics,3.09,Forest Hill,2024-10-05 10:14:58
46,2,2,Best Buy,Entertainment,14.85,Ironbound District,2024-10-06 09:01:07
47,2,2,Apple,Food,48.73,Ironbound District,2024-10-06 19:35:27
48,4,4,CVS,Electronics,76.61,University Heights,2024-10-08 18:48:54
49,3,3,Uber,Entertainment,15.02,Central Ward,2024-10-10 09:49:55
50,3,3,Walmart,Shopping,13.93,Ironbound District,2024-10-11 20:59:19
51,2,2,McDonald's,Electronics,19.18,Central Ward,2024-10-12 10:34:57
52,3,3,Starbucks,Shopping,69.53,Vailsburg,2024-10-12 11:28:06
53,2,2,Home Depot,Entertainment,6.61,Vailsburg,2024-10-12 21:44:28
54,1,1,Uber,Health,16.72,University Heights,2024-10-13 09:53:01
55,3,3,McDonald's,Food,32.04,Vailsburg,2024-10-14 15:13:28
56,4,4,CVS,Entertainment,77.73,Downtown Newark,2024-10-15 10:04:40
57,2,2,Home Depot,Food,51.77,Weequahic,2024-10-15 19:22:42
58,4,4,McDonald's,Food,69.39,Central Ward,2024-10-15 13:06:54
59,4,4,Uber,Electronics,7.62,Weequahic,2024-10-16 10:08:34
60,2,2,McDonald's,Shopping,7.62,Weequahic,2024-10-16 20:39:43
61,3,3,McDonald's,Electronics,40.36,Ironbound District,2024-10-19 19:08:50
62,2,2,Starbucks,Electronics,29.31,Weequahic,2024-10-19 14:19:08
63,3,3,Amazon,Shopping,9.24,Forest Hill,2024-10-19 21:01:06
64,1,1,McDonald's,Shopping,14.86,Central Ward,2024-10-20 14:06:06
65,4,4,Amazon,Transport,13.86,Vailsburg,2024-10-20 10:33:04
66,4,4,Amazon,Entertainment,17.36,Vailsburg,2024-10-21 15:47:10
67,1,1,Home Depot,Entertainment,6.47,Weequahic,2024-10-21 19:16:36
68,3,3,CVS,Health,26.04,Weequahic,2024-10-21 11:34:11
69,3,3,Starbucks,Health,1.24,Downtown Newark,2024-10-23 09:10:08
70,2,2,McDonald's,Entertainment,34.89,Downtown Newark,2024-10-24 15:58:24
71,2,2,McDonald's,Food,4.06,Forest Hill,2024-10-24 09:58:52
72,2,2,Home Depot,Food,36.8,Vailsburg,2024-10-24 22:19:44
73,2,2,Best Buy,Entertainment,14.53,Vailsburg,2024-10-26 15:38:28
74,2,2,CVS,Groceries,9.98,Forest Hill,2024-10-26 22:47:59
75,1,1,McDonald's,Health,36.82,University Heights,2024-10-28 16:56:05
76,3,3,Amazon,Electronics,96.04,Vailsburg,2024-10-29 18:49:21
77,3,3,Starbucks,Entertainment,15.71,Ironbound District,2024-10-29 14:44:26
78,1,1,Walmart,Food,12.55,Ironbound District,2024-10-29 18:18:26
79,4,4,Starbucks,Shopping,180.43,Vailsburg,2024-10-30 11:22:53
80,1,1,Amazon,Health,64.66,Weequahic,2024-10-30 19:39:17
81,3,3,Amazon,Food,11.96,Weequahic,2024-10-31 09:16:32
82,1,1,Starbucks,Groceries,8.43,Central Ward,2024-11-01 12:01:12
83,1,1,Uber,Groceries,16.3,Ironbound District,2024-11-02 22:33:29
84,2,2,Amazon,Electronics,155.16,Downtown Newark,2024-11-04 09:33:10
85,4,4,Uber,Entertainment,40.45,University Heights,2024-11-04 19:25:20
86,4,4,Walmart,Groceries,51.48,Weequahic,2024-11-05 11:15:45
87,3,3,Apple,Transport,40.38,University Heights,2024-11-05 16:50:20
88,1,1,Target,Health,17.84,Central Ward,2024-11-05 22:19:29
89,4,4,McDonald's,Transport,362.93,Ironbound District,2024-11-06 11:51:06
90,4,4,CVS,Health,7.88,Forest Hill,2024-11-07 16:23:32
91,2,2,Home Depot,Food,10.39,Forest Hill,2024-11-09 20:52:03
92,2,2,CVS,Food,11.21,Downtown Newark,2024-11-09 10:07:57
93,1,1,Best Buy,Health,31.24,Ironbound District,2024-11-10 20:00:39
94,2,2,CVS,Food,64.09,Ironbound District,2024-11-10 12:20:06
95,4,4,McDonald's,Shopping,10.66,Ironbound District,2024-11-11 21:00:56
96,3,3,Amazon,Food,17.16,Central Ward,2024-11-12 17:39:16
97,3,3,Walmart,Health,29.14,Downtown Newark,2024-11-12 12:03:08
98,1,1,CVS,Electronics,160.2,Forest Hill,2024-11-13 21:57:29
99,1,1,CVS,Shopping,32.89,Ironbound District,2024-11-13 21:57:28
100,1,1,Apple,Shopping,34.16,Vailsburg,2024-11-14 11:07:46
101,1,1,Best Buy,Shopping,16.92,Downtown Newark,2024-11-14 16:23:36
102,1,1,Best Buy,Shopping,37.19,Weequahic,2024-11-15 17:18:03
103,3,3,Amazon,Food,17.4,Downtown Newark,2024-11-16 17:45:27
104,1,1,Target,Electronics,37.91,Ironbound District,2024-11-16 12:13:00
105,3,3,Amazon,Electronics,2.24,Weequahic,2024-11-17 19:49:37
106,3,3,Apple,Health,1.26,Ironbound District,2024-11-18 21:42:32
107,3,3,McDonald's,Food,6.5,Forest Hill,2024-11-18 14:09:09
108,3,3,Amazon,Transport,1.31,Forest Hill,2024-11-18 21:32:50
109,1,1,Amazon,Groceries,11.41,Weequahic,2024-11-19 15:44:33
110,3,3,Amazon,Electronics,12.04,University Heights,2024-11-19 15:35:57
111,1,1,Best Buy,Entertainment,3.43,Downtown Newark,2024-11-20 11:14:20
112,1,1,Walmart,Transport,17.25,Ironbound District,2024-11-20 14:09:43
113,1,1,Apple,Food,7.73,Ironbound District,2024-11-20 13:40:41
114,2,2,Best Buy,Electronics,27.37,Vailsburg,2024-11-21 17:39:18
115,3,3,Starbucks,Entertainment,19.03,University Heights,2024-11-21 08:18:03
116,2,2,CVS,Food,37.89,Central Ward,2024-11-22 22:56:51
117,4,4,Target,Groceries,16.7,Weequahic,2024-11-23 09:42:00
118,1,1,McDonald's,Groceries,31.13,Weequahic,2024-11-24 12:14:02
119,3,3,Uber,Transport,143.93,Central Ward,2024-11-26 22:47:38
120,1,1,CVS,Groceries,9.89,Vailsburg,2024-11-27 22:10:33
121,2,2,Apple,Entertainment,3.32,University Heights,2024-11-27 14:50:05
122,4,4,Walmart,Shopping,29.11,Forest Hill,2024-11-27 20:52:24
123,3,3,Uber,Health,16.26,Vailsburg,2024-11-28 14:56:34
124,2,2,Walmart,Shopping,18.66,Weequahic,2024-11-29 12:31:57
125,2,2,Home Depot,Groceries,6.06,Forest Hill,2024-11-29 19:07:11
126,2,2,Starbucks,Entertainment,147.28,Forest Hill,2024-11-29 14:17:21
127,3,3,McDonald's,Food,64.43,Vailsburg,2024-12-01 21:45:14
128,4,4,Amazon,Electronics,46.46,Forest Hill,2024-12-01 19:02:41
129,3,3,Target,Transport,9.4,Central Ward,2024-12-02 15:43:20
130,3,3,Home Depot,Electronics,16.95,Weequahic,2024-12-03 13:55:04
131,3,3,CVS,Health,140.1,University Heights,2024-12-04 17:36:53
132,2,2,Starbucks,Health,14.48,Vailsburg,2024-12-04 18:35:20
133,3,3,Best Buy,Shopping,59.86,Vailsburg,2024-12-06 15:14:28
134,2,2,McDonald's,Transport,82.14,Central Ward,2024-12-06 22:05:07
135,3,3,Amazon,Groceries,82.24,Central Ward,2024-12-07 16:55:15
136,4,4,McDonald's,Shopping,57.18,Central Ward,2024-12-07 21:36:43
137,3,3,Uber,Transport,29.26,Central Ward,2024-12-08 21:15:46
138,3,3,Apple,Health,12.97,Ironbound District,2024-12-08 14:32:38
139,2,2,Best Buy,Electronics,15.8,Forest Hill,2024-12-08 22:50:37
140,4,4,Starbucks,Groceries,11.51,Ironbound District,2024-12-10 08:19:13
141,4,4,Amazon,Health,42.76,Ironbound District,2024-12-11 17:34:44
142,3,3,Home Depot,Entertainment,15.65,Central Ward,2024-12-11 11:30:25
143,1,1,Starbucks,Food,1.99,Central Ward,2024-12-12 17:38:59
144,4,4,McDonald's,Transport,89.31,University Heights,2024-12-12 19:57:58
145,1,1,Target,Entertainment,4.44,Ironbound District,2024-12-12 13:36:21
146,1,1,Starbucks,Food,29.68,Vailsburg,2024-12-13 09:36:31
147,2,2,Amazon,Food,3.28,Vailsburg,2024-12-13 09:41:22
148,4,4,Amazon,Health,17.72,Vailsburg,2024-12-13 18:45:36
149,2,2,McDonald's,Shopping,12.44,Forest Hill,2024-12-14 08:58:32
150,1,1,Uber,Entertainment,3.23,Downtown Newark,2024-12-14 22:24:30
151,1,1,Apple,Entertainment,148.32,Vailsburg,2024-12-14 11:04:30
152,2,2,Amazon,Entertainment,89.42,Central Ward,2024-12-15 11:54:32
153,3,3,Walmart,Groceries,165.94,Vailsburg,2024-12-15 15:46:17
154,1,1,Amazon,Groceries,3.38,Downtown Newark,2024-12-16 18:00:31
155,2,2,CVS,Groceries,190.81,Vailsburg,2024-12-16 16:07:53
156,3,3,Apple,Electronics,5.6,Vailsburg,2024-12-17 08:00:44
157,2,2,Walmart,Entertainment,13.21,Ironbound District,2024-12-17 10:42:00
158,4,4,Best Buy,Groceries,13.37,University Heights,2024-12-18 10:57:06
159,1,1,Uber,Food,3.86,Central Ward,2024-12-18 17:24:21
160,3,3,Best Buy,Shopping,7.4,Central Ward,2024-12-20 21:35:27
161,2,2,Home Depot,Groceries,22.09,Downtown Newark,2024-12-20 21:35:55
162,2,2,Uber,Health,191.59,Forest Hill,2024-12-20 08:12:12
163,1,1,Starbucks,Entertainment,10.2,Central Ward,2024-12-21 15:53:45
164,4,4,CVS,Groceries,4.12,Ironbound District,2024-12-22 15:05:48
165,2,2,Home Depot,Food,11.4,Ironbound District,2024-12-22 12:58:48
166,1,1,Walmart,Entertainment,13.99,Downtown Newark,2024-12-22 17:13:54
167,2,2,McDonald's,Transport,4.24,Forest Hill,2024-12-23 17:46:13
168,2,2,Apple,Food,16.71,Ironbound District,2024-12-23 21:36:14
169,1,1,Apple,Entertainment,19.83,Ironbound District,2024-12-23 19:59:52
170,2,2,Apple,Entertainment,17.74,Weequahic,2024-12-24 19:40:55
171,1,1,Target,Entertainment,292.57,Forest Hill,2024-12-24 10:03:53
172,4,4,Apple,Groceries,7.09,Forest Hill,2024-12-25 15:36:35
173,1,1,Starbucks,Entertainment,8.65,University Heights,2024-12-25 21:09:16
174,1,1,Apple,Electronics,14.25,Vailsburg,2024-12-25 22:23:18
175,1,1,CVS,Electronics,86.33,Vailsburg,2024-12-28 15:22:49
176,4,4,Starbucks,Groceries,3.63,Downtown Newark,2024-12-28 10:34:33
177,1,1,Starbucks,Shopping,15.69,Vailsburg,2024-12-29 11:52:09
178,2,2,Starbucks,Entertainment,50.98,University Heights,2024-12-29 10:34:40
179,1,1,Home Depot,Groceries,12.81,Vailsburg,2024-12-30 12:59:01
180,3,3,Uber,Entertainment,75.19,Ironbound District,2024-12-31 09:31:07
181,2,2,CVS,Entertainment,47.19,Central Ward,2024-12-31 10:32:37
182,3,3,Walmart,Groceries,10.48,Forest Hill,2024-12-31 20:35:59
183,4,4,CVS,Food,15.53,Central Ward,2025-01-01 18:19:36
184,3,3,Target,Electronics,191.84,Downtown Newark,2025-01-02 20:09:26
185,2,2,Best Buy,Groceries,29.43,Central Ward,2025-01-02 10:17:31
186,1,1,CVS,Electronics,73.28,Vailsburg,2025-01-03 08:48:24
187,3,3,Walmart,Shopping,1.01,Ironbound District,2025-01-03 15:58:19
188,2,2,McDonald's,Electronics,17.92,University Heights,2025-01-03 17:10:28
189,3,3,McDonald's,Groceries,7.93,Weequahic,2025-01-04 21:49:03
190,2,2,Best Buy,Entertainment,34.11,Ironbound District,2025-01-04 17:20:01
191,2,2,Best Buy,Groceries,72.17,University Heights,2025-01-04 17:01:08
192,4,4,Best Buy,Entertainment,43.16,Ironbound District,2025-01-05 19:47:14
193,2,2,Uber,Groceries,7.81,Downtown Newark,2025-01-05 14:37:00
194,4,4,Apple,Electronics,11.51,Central Ward,2025-01-06 12:53:38
195,1,1,CVS,Shopping,17.75,Vailsburg,2025-01-06 18:50:54
196,1,1,Target,Food,92.59,Forest Hill,2025-01-06 16:17:44
197,1,1,Target,Groceries,2.7,University Heights,2025-01-07 13:37:23
198,2,2,CVS,Electronics,9.45,University Heights,2025-01-07 08:12:53
199,3,3,Best Buy,Electronics,86.93,Weequahic,2025-01-07 11:56:03
200,4,4,Target,Entertainment,11.57,Vailsburg,2025-01-08 12:13:41
201,3,3,Walmart,Health,40.85,University Heights,2025-01-09 11:34:21
202,3,3,McDonald's,Food,33.15,Weequahic,2025-01-10 10:14:03
203,3,3,Uber,Health,47.37,Weequahic,2025-01-10 14:43:13
204,3,3,Best Buy,Shopping,39.03,Vailsburg,2025-01-11 16:13:24
205,2,2,CVS,Transport,9.0,Forest Hill,2025-01-11 10:05:57
206,3,3,Home Depot,Food,142.82,Central Ward,2025-01-12 17:01:54
207,2,2,CVS,Groceries,7.91,Vailsburg,2025-01-13 18:37:53
208,1,1,Best Buy,Electronics,1.39,Ironbound District,2025-01-13 20:26:30
209,3,3,Walmart,Shopping,139.64,Downtown Newark,2025-01-15 15:00:12
210,3,3,Target,Health,146.47,University Heights,2025-01-15 16:12:51
211,4,4,Amazon,Food,62.4,Downtown Newark,2025-01-17 11:21:29
212,4,4,Walmart,Health,92.94,University Heights,2025-01-17 14:07:04
213,4,4,Amazon,Electronics,18.14,Central Ward,2025-01-18 19:11:57
214,3,3,Walmart,Groceries,64.86,Central Ward,2025-01-19 09:30:52
215,1,1,CVS,Health,92.94,Forest Hill,2025-01-19 13:36:31
216,3,3,Uber,Entertainment,31.4,University Heights,2025-01-20 18:13:38
217,2,2,Home Depot,Food,17.8,Ironbound District,2025-01-20 09:10:36
218,4,4,Walmart,Transport,13.92,Forest Hill,2025-01-20 16:33:48
219,2,2,Starbucks,Health,2.2,Central Ward,2025-01-21 19:08:11
220,2,2,Amazon,Transport,43.08,Ironbound District,2025-01-23 17:55:44
221,4,4,Best Buy,Food,9.58,Downtown Newark,2025-01-23 21:58:06
222,1,1,Target,Electronics,56.98,Downtown Newark,2025-01-23 11:20:22
223,4,4,Amazon,Shopping,16.56,Ironbound District,2025-01-25 14:07:33
224,3,3,CVS,Shopping,38.32,Forest Hill,2025-01-25 20:34:20
225,1,1,Walmart,Entertainment,35.12,Downtown Newark,2025-01-27 09:41:03
226,1,1,CVS,Groceries,39.29,Central Ward,2025-01-27 10:41:55
227,3,3,Walmart,Transport,2.85,Forest Hill,2025-01-27 13:43:39
228,2,2,Apple,Entertainment,1.47,Vailsburg,2025-02-01 09:37:31
229,2,2,Uber,Shopping,315.7,Forest Hill,2025-02-01 16:07:44
230,1,1,Home Depot,Groceries,6.92,Weequahic,2025-02-02 14:23:12
231,4,4,Walmart,Health,17.49,Weequahic,2025-02-02 21:06:20
232,1,1,Walmart,Food,9.45,University Heights,2025-02-02 12:32:56
233,3,3,CVS,Food,15.9,Ironbound District,2025-02-03 13:39:36
234,3,3,Walmart,Electronics,112.24,Weequahic,2025-02-03 20:49:39
235,4,4,CVS,Entertainment,52.09,Ironbound District,2025-02-03 18:31:10
236,2,2,Uber,Entertainment,2.99,Downtown Newark,2025-02-05 10:21:47
237,3,3,CVS,Electronics,38.4,Forest Hill,2025-02-05 08:31:53
238,4,4,Starbucks,Food,66.22,Ironbound District,2025-02-07 11:27:17
239,4,4,Starbucks,Entertainment,32.07,Vailsburg,2025-02-08 13:55:03
240,4,4,Apple,Food,21.26,University Heights,2025-02-08 11:49:24
241,1,1,Uber,Entertainment,7.18,Ironbound District,2025-02-09 18:19:39
242,3,3,Uber,Groceries,125.74,University Heights,2025-02-10 12:10:47
243,4,4,Uber,Electronics,6.85,Vailsburg,2025-02-10 10:43:10
244,3,3,Apple,Entertainment,3.07,Vailsburg,2025-02-10 18:18:17
245,3,3,CVS,Transport,9.56,Central Ward,2025-02-11 19:12:33
246,2,2,Amazon,Food,33.87,University Heights,2025-02-12 22:57:43
247,4,4,CVS,Electronics,54.9,Forest Hill,2025-02-12 18:40:10
248,3,3,Walmart,Groceries,27.35,Central Ward,2025-02-13 10:52:36
249,3,3,Starbucks,Shopping,10.22,Vailsburg,2025-02-13 15:55:19
250,2,2,Home Depot,Groceries,25.72,University Heights,2025-02-15 15:49:44
251,1,1,Uber,Shopping,6.79,Ironbound District,2025-02-15 11:47:21
252,1,1,CVS,Electronics,43.19,Central Ward,2025-02-15 19:25:31
253,2,2,Amazon,Transport,8.91,Downtown Newark,2025-02-16 21:28:47
254,1,1,Amazon,Groceries,48.48,Ironbound District,2025-02-16 15:13:03
255,2,2,McDonald's,Entertainment,1.4,Vailsburg,2025-02-16 18:34:12
256,1,1,Uber,Groceries,46.45,Ironbound District,2025-02-17 14:29:34
257,4,4,Starbucks,Food,23.37,Ironbound District,2025-02-17 09:06:22
258,2,2,Best Buy,Groceries,13.12,Weequahic,2025-02-18 13:53:36
259,3,3,McDonald's,Food,33.8,Central Ward,2025-02-18 20:56:35
260,3,3,Walmart,Groceries,24.85,Central Ward,2025-02-19 10:17:50
261,1,1,Home Depot,Electronics,22.46,Weequahic,2025-02-19 14:42:27
262,4,4,Home Depot,Shopping,1.63,Forest Hill,2025-02-21 16:48:38
263,3,3,Starbucks,Entertainment,3.97,Forest Hill,2025-02-21 12:31:10
264,2,2,Target,Shopping,9.2,Ironbound District,2025-02-21 21:05:14
265,3,3,Best Buy,Transport,29.84,Downtown Newark,2025-02-22 19:42:20
266,1,1,Amazon,Food,52.13,Ironbound District,2025-02-25 20:53:52
267,3,3,Apple,Shopping,8.9,Ironbound District,2025-02-25 19:22:49
268,1,1,Starbucks,Entertainment,31.21,Ironbound District,2025-02-25 18:18:27
269,1,1,Walmart,Health,12.35,Central Ward,2025-02-26 17:48:47
270,1,1,Apple,Groceries,15.08,Vailsburg,2025-02-26 08:18:46
271,1,1,Uber,Shopping,6.21,Downtown Newark,2025-02-26 11:21:04
272,1,1,Walmart,Food,45.88,Ironbound District,2025-02-27 08:44:30
273,1,1,Best Buy,Food,1.11,Downtown Newark,2025-02-27 17:20:50
274,3,3,Best Buy,Entertainment,13.39,Ironbound District,2025-03-01 09:46:32
275,1,1,Apple,Shopping,48.54,Forest Hill,2025-03-02 15:10:35
276,2,2,Amazon,Health,80.78,Central Ward,2025-03-02 09:09:43
277,2,2,Home Depot,Groceries,13.75,University Heights,2025-03-02 20:13:24
278,3,3,Amazon,Transport,19.34,University Heights,2025-03-03 21:23:29
279,1,1,McDonald's,Transport,5.6,University Heights,2025-03-04 09:50:39
280,4,4,Uber,Shopping,10.04,Ironbound District,2025-03-05 14:19:24
281,4,4,Best Buy,Entertainment,19.35,Central Ward,2025-03-06 17:48:04
282,4,4,Amazon,Health,84.2,Vailsburg,2025-03-06 18:00:59
283,3,3,Target,Entertainment,97.71,Ironbound District,2025-03-06 14:24:04
284,3,3,Walmart,Health,4.79,Ironbound District,2025-03-07 14:54:20
285,1,1,Walmart,Entertainment,93.99,Ironbound District,2025-03-07 13:44:37
286,2,2,Amazon,Health,19.64,Weequahic,2025-03-08 18:18:51
287,3,3,Uber,Health,14.01,Weequahic,2025-03-08 11:15:24
288,4,4,Best Buy,Food,17.96,Central Ward,2025-03-09 17:53:57
289,4,4,Uber,Entertainment,2.68,Ironbound District,2025-03-09 15:25:36
290,3,3,Home Depot,Groceries,12.36,Central Ward,2025-03-09 17:25:12
291,1,1,McDonald's,Electronics,170.21,Forest Hill,2025-03-10 11:24:06
292,4,4,Starbucks,Electronics,10.61,Central Ward,2025-03-10 12:43:07
293,4,4,Starbucks,Groceries,19.2,Forest Hill,2025-03-12 10:07:46
294,2,2,McDonald's,Shopping,146.91,Ironbound District,2025-03-13 19:40:44
295,4,4,Walmart,Transport,181.91,Central Ward,2025-03-14 13:06:36
296,4,4,Starbucks,Entertainment,32.64,Forest Hill,2025-03-14 14:20:48
297,2,2,Amazon,Shopping,64.27,Downtown Newark,2025-03-15 09:17:54
298,1,1,Starbucks,Electronics,1.72,Vailsburg,2025-03-16 08:38:46
299,1,1,Home Depot,Electronics,16.27,Forest Hill,2025-03-16 20:28:14
300,3,3,CVS,Health,12.86,Weequahic,2025-03-16 19:16:23
301,4,4,Walmart,Food,134.48,Forest Hill,2025-03-17 12:18:19
302,1,1,Target,Groceries,31.11,Downtown Newark,2025-03-17 20:52:01
303,1,1,Starbucks,Shopping,98.01,Vailsburg,2025-03-17 20:41:25
304,2,2,Target,Food,75.59,University Heights,2025-03-18 08:29:41
305,4,4,Best Buy,Transport,13.74,Ironbound District,2025-03-18 22:22:59
306,1,1,Amazon,Food,97.32,Downtown Newark,2025-03-19 19:14:49
307,4,4,Amazon,Health,5.1,University Heights,2025-03-19 19:02:45
308,2,2,Target,Groceries,37.7,Central Ward,2025-03-20 17:40:15
309,1,1,Walmart,Transport,26.62,Central Ward,2025-03-20 14:03:48
310,1,1,Walmart,Shopping,28.07,Weequahic,2025-03-21 08:26:38
311,4,4,Starbucks,Groceries,14.68,Downtown Newark,2025-03-22 21:03:29
312,3,3,Starbucks,Transport,39.85,Downtown Newark,2025-03-24 20:43:29
313,4,4,Apple,Transport,16.31,Central Ward,2025-03-26 19:17:47
314,3,3,Target,Shopping,98.5,Weequahic,2025-03-27 17:08:38
315,2,2,Best Buy,Food,52.2,Forest Hill,2025-03-27 12:51:29
316,2,2,Uber,Health,29.0,Downtown Newark,2025-03-28 12:31:08
317,2,2,Target,Food,65.95,University Heights,2025-03-28 19:51:00
318,4,4,Starbucks,Health,82.01,University Heights,2025-03-29 12:16:23
319,2,2,Target,Shopping,30.9,Weequahic,2025-03-29 16:40:06
320,1,1,Home Depot,Groceries,15.96,Vailsburg,2025-03-30 14:58:07
321,1,1,Uber,Food,60.53,Weequahic,2025-03-31 14:01:24
322,3,3,CVS,Electronics,2.53,Weequahic,2025-03-31 15:49:37
323,4,4,Starbucks,Food,38.99,Downtown Newark,2025-03-31 19:52:20
324,3,3,Home Depot,Entertainment,2.44,Vailsburg,2025-04-01 08:16:27
325,4,4,Apple,Entertainment,47.29,Vailsburg,2025-04-01 21:07:41
326,1,1,Starbucks,Health,9.11,Vailsburg,2025-04-03 10:12:46
327,1,1,Walmart,Electronics,19.62,Ironbound District,2025-04-03 09:56:08
328,2,2,Uber,Groceries,126.95,Ironbound District,2025-04-04 08:14:29
329,3,3,Apple,Shopping,57.11,Central Ward,2025-04-06 20:08:44
330,3,3,Starbucks,Transport,29.12,University Heights,2025-04-07 08:39:09
331,1,1,Walmart,Health,1.32,Forest Hill,2025-04-07 08:59:55
332,4,4,Starbucks,Health,38.06,Vailsburg,2025-04-07 14:54:30
333,4,4,Target,Food,14.39,Vailsburg,2025-04-09 19:27:35
334,3,3,McDonald's,Entertainment,81.47,Vailsburg,2025-04-09 22:55:37
335,2,2,Apple,Entertainment,3.65,Central Ward,2025-04-10 13:26:23
336,1,1,Starbucks,Transport,37.2,Forest Hill,2025-04-10 11:19:38
337,1,1,Apple,Groceries,11.04,Vailsburg,2025-04-10 22:14:55
338,2,2,Uber,Entertainment,3.79,Vailsburg,2025-04-11 22:37:47
339,1,1,Walmart,Shopping,6.19,Ironbound District,2025-04-11 14:57:53
340,1,1,Home Depot,Electronics,40.9,Downtown Newark,2025-04-11 16:55:03
341,4,4,Amazon,Electronics,35.04,Downtown Newark,2025-04-12 20:20:13
342,3,3,Starbucks,Entertainment,5.38,Central Ward,2025-04-12 08:16:54
343,1,1,Target,Entertainment,11.06,Weequahic,2025-04-13 11:13:51
344,1,1,CVS,Groceries,75.3,Forest Hill,2025-04-13 11:56:04
345,2,2,Home Depot,Electronics,11.7,Ironbound District,2025-04-14 20:32:20
346,3,3,Target,Groceries,54.07,University Heights,2025-04-14 16:01:54
347,4,4,McDonald's,Groceries,79.22,Downtown Newark,2025-04-14 16:02:49
348,2,2,Starbucks,Groceries,115.52,Downtown Newark,2025-04-15 18:21:07
349,2,2,Walmart,Electronics,17.15,University Heights,2025-04-15 10:22:43
350,1,1,CVS,Transport,30.62,Weequahic,2025-04-15 11:57:45
351,2,2,CVS,Groceries,42.28,Vailsburg,2025-04-16 22:15:02
352,1,1,CVS,Food,43.42,University Heights,2025-04-16 18:16:51
353,2,2,Amazon,Food,51.68,Downtown Newark,2025-04-17 20:44:11
354,4,4,Amazon,Shopping,45.15,University Heights,2025-04-19 09:15:23
355,4,4,Walmart,Health,28.29,University Heights,2025-04-19 21:42:08
356,3,3,Target,Shopping,110.43,Vailsburg,2025-04-20 16:16:33
357,3,3,Amazon,Transport,14.5,Ironbound District,2025-04-20 20:31:11
358,3,3,McDonald's,Electronics,13.35,Ironbound District,2025-04-22 21:13:55
359,4,4,Best Buy,Food,17.32,University Heights,2025-04-22 09:42:42
360,3,3,Best Buy,Electronics,160.55,Downtown Newark,2025-04-22 08:36:08
361,2,2,Target,Entertainment,7.59,Vailsburg,2025-04-23 19:52:29
362,4,4,Best Buy,Groceries,63.38,Ironbound District,2025-04-23 08:43:05
363,1,1,Home Depot,Food,32.75,Vailsburg,2025-04-24 15:28:10
364,4,4,Best Buy,Food,6.76,Weequahic,2025-04-25 19:31:04
365,1,1,Best Buy,Shopping,2.85,Forest Hill,2025-04-25 12:05:03
366,3,3,Home Depot,Entertainment,74.43,University Heights,2025-04-25 19:16:59
367,1,1,CVS,Groceries,58.93,Vailsburg,2025-04-26 08:04:13
368,3,3,Amazon,Food,11.07,Downtown Newark,2025-04-26 17:53:59
369,2,2,Home Depot,Groceries,129.53,Weequahic,2025-04-26 20:18:01
370,1,1,Amazon,Shopping,5.22,Ironbound District,2025-04-28 08:59:07
371,3,3,Starbucks,Shopping,44.74,Ironbound District,2025-04-29 18:56:29
372,2,2,Apple,Electronics,13.09,Forest Hill,2025-04-29 17:43:14
373,1,1,Uber,Food,12.76,Forest Hill,2025-05-01 08:19:35
374,1,1,Walmart,Health,102.23,Ironbound District,2025-05-01 10:15:18
375,1,1,Best Buy,Food,17.6,University Heights,2025-05-01 18:53:37
376,3,3,CVS,Shopping,2.86,Forest Hill,2025-05-02 20:23:34
377,1,1,Home Depot,Food,5.12,Vailsburg,2025-05-02 13:19:47
378,1,1,Amazon,Health,19.22,Downtown Newark,2025-05-03 21:44:32
379,3,3,CVS,Transport,6.35,Weequahic,2025-05-03 21:31:43
380,4,4,Home Depot,Electronics,19.12,Central Ward,2025-05-03 12:49:23
381,2,2,Starbucks,Shopping,30.14,Vailsburg,2025-05-04 09:25:45
382,2,2,Uber,Electronics,15.2,Vailsburg,2025-05-05 21:41:41
383,3,3,McDonald's,Shopping,28.8,Weequahic,2025-05-05 16:04:35
384,3,3,CVS,Groceries,15.26,Downtown Newark,2025-05-05 08:36:35
385,1,1,Apple,Food,14.12,Central Ward,2025-05-06 09:47:10
386,3,3,Uber,Electronics,14.89,Central Ward,2025-05-07 08:50:24
387,4,4,McDonald's,Groceries,17.64,Weequahic,2025-05-08 16:17:24
388,4,4,McDonald's,Health,45.83,Ironbound District,2025-05-08 13:17:28
389,3,3,Starbucks,Shopping,51.46,Ironbound District,2025-05-08 10:03:02
390,1,1,Walmart,Electronics,18.83,Central Ward,2025-05-09 13:10:13
391,3,3,Amazon,Health,37.27,Vailsburg,2025-05-09 10:08:12
392,1,1,Starbucks,Shopping,160.67,Weequahic,2025-05-10 21:13:35
393,3,3,Walmart,Electronics,18.72,Forest Hill,2025-05-11 09:34:05
394,4,4,Amazon,Groceries,15.74,Ironbound District,2025-05-11 10:19:19
395,1,1,Amazon,Electronics,72.16,Weequahic,2025-05-12 12:15:48
396,1,1,CVS,Food,52.6,Ironbound District,2025-05-12 13:27:49
397,1,1,Starbucks,Health,11.45,University Heights,2025-05-13 10:32:12
398,1,1,Starbucks,Groceries,16.04,Ironbound District,2025-05-14 12:33:37
399,3,3,Walmart,Groceries,7.42,Vailsburg,2025-05-14 19:32:12
400,2,2,CVS,Transport,18.89,Central Ward,2025-05-15 18:12:51
401,2,2,Starbucks,Health,31.68,Ironbound District,2025-05-15 18:44:39
402,4,4,Best Buy,Shopping,1.55,Ironbound District,2025-05-15 14:15:37
403,1,1,Uber,Health,2.87,University Heights,2025-05-17 13:42:26
404,4,4,Amazon,Electronics,17.03,Vailsburg,2025-05-18 15:08:30
405,4,4,Amazon,Groceries,148.98,Central Ward,2025-05-19 13:47:30
406,3,3,CVS,Electronics,48.88,Downtown Newark,2025-05-19 15:31:34
407,2,2,McDonald's,Electronics,27.55,Central Ward,2025-05-20 15:06:40
408,3,3,Uber,Electronics,78.6,University Heights,2025-05-20 08:21:13
409,1,1,Best Buy,Shopping,15.04,Vailsburg,2025-05-20 15:55:11
410,2,2,Home Depot,Entertainment,4.27,Forest Hill,2025-05-21 13:27:08
411,3,3,McDonald's,Entertainment,19.08,Ironbound District,2025-05-22 22:24:37
412,4,4,Best Buy,Food,163.42,Downtown Newark,2025-05-22 08:38:58
413,3,3,McDonald's,Food,3.96,University Heights,2025-05-23 10:15:31
414,2,2,Amazon,Food,66.77,Downtown Newark,2025-05-23 14:39:46
415,1,1,Home Depot,Entertainment,21.9,Vailsburg,2025-05-23 18:45:18
416,2,2,McDonald's,Entertainment,3.44,University Heights,2025-05-26 13:17:12
417,3,3,Amazon,Food,16.55,University Heights,2025-05-27 17:26:00
418,1,1,Walmart,Health,71.32,Ironbound District,2025-05-27 10:22:10
419,4,4,Walmart,Groceries,75.34,Vailsburg,2025-05-28 21:59:34
420,1,1,Amazon,Food,11.13,Ironbound District,2025-05-28 08:27:57
421,3,3,Target,Food,40.7,University Heights,2025-05-28 17:07:10
422,1,1,Starbucks,Transport,37.55,University Heights,2025-05-29 15:23:21
423,2,2,Apple,Transport,3.22,Downtown Newark,2025-05-30 20:13:32
424,3,3,CVS,Entertainment,21.15,Ironbound District,2025-05-30 20:26:09
425,3,3,Walmart,Electronics,6.84,Downtown Newark,2025-05-31 21:31:13
426,2,2,Walmart,Food,15.79,Forest Hill,2025-06-01 18:11:10
427,2,2,Starbucks,Groceries,9.02,Weequahic,2025-06-01 22:04:16
428,3,3,McDonald's,Health,1.08,Weequahic,2025-06-02 15:19:31
429,4,4,CVS,Food,3.13,Central Ward,2025-06-03 19:38:13
430,3,3,CVS,Groceries,3.62,University Heights,2025-06-06 20:49:13
431,2,2,Apple,Groceries,79.32,Central Ward,2025-06-07 11:28:53
432,4,4,CVS,Health,7.46,Weequahic,2025-06-07 12:38:13
433,2,2,Home Depot,Food,66.53,Downtown Newark,2025-06-07 21:17:59
434,4,4,McDonald's,Entertainment,165.48,Central Ward,2025-06-08 22:17:48
435,3,3,CVS,Electronics,17.18,Weequahic,2025-06-08 09:17:22
436,3,3,Best Buy,Food,4.35,Vailsburg,2025-06-09 18:43:38
437,1,1,Apple,Groceries,13.47,Ironbound District,2025-06-11 08:50:16
438,1,1,Starbucks,Electronics,15.09,Vailsburg,2025-06-11 20:30:36
439,4,4,Uber,Entertainment,4.51,University Heights,2025-06-11 21:47:17
440,3,3,Best Buy,Groceries,12.69,Forest Hill,2025-06-12 10:55:12
441,3,3,Amazon,Food,60.65,University Heights,2025-06-13 12:50:58
442,4,4,Target,Transport,13.09,University Heights,2025-06-13 15:50:54
443,1,1,Home Depot,Food,15.49,Vailsburg,2025-06-14 12:00:56
444,2,2,Apple,Electronics,6.77,Forest Hill,2025-06-14 09:58:15
445,4,4,Walmart,Electronics,24.86,Forest Hill,2025-06-14 08:10:38
446,4,4,Target,Health,106.58,Vailsburg,2025-06-15 10:27:15
447,3,3,Best Buy,Health,23.49,Downtown Newark,2025-06-15 16:29:43
448,2,2,Target,Food,71.92,Central Ward,2025-06-15 11:44:21
449,3,3,CVS,Shopping,23.7,Ironbound District,2025-06-16 19:02:14
450,3,3,Best Buy,Food,10.0,Downtown Newark,2025-06-16 09:24:15
451,3,3,Starbucks,Electronics,15.18,Ironbound District,2025-06-16 08:03:58
452,3,3,CVS,Shopping,8.04,Forest Hill,2025-06-17 22:38:11
453,3,3,Target,Food,19.06,Central Ward,2025-06-17 19:56:56
454,1,1,Uber,Groceries,8.59,Weequahic,2025-06-19 19:51:59
455,1,1,McDonald's,Food,197.42,University Heights,2025-06-20 18:31:37
456,4,4,CVS,Groceries,9.55,Ironbound District,2025-06-20 18:15:01
457,3,3,Walmart,Entertainment,17.35,Weequahic,2025-06-20 16:15:19
458,4,4,McDonald's,Electronics,40.04,Central Ward,2025-06-21 09:27:34
459,2,2,Apple,Health,18.23,University Heights,2025-06-21 21:00:40
460,2,2,Home Depot,Groceries,19.71,Downtown Newark,2025-06-21 22:10:32
461,3,3,Amazon,Shopping,11.81,Weequahic,2025-06-22 14:27:00
462,2,2,Starbucks,Groceries,33.7,Downtown Newark,2025-06-24 22:37:01
463,3,3,Amazon,Entertainment,6.06,University Heights,2025-06-25 22:14:21
464,2,2,Starbucks,Groceries,4.14,Downtown Newark,2025-06-26 21:36:26
465,3,3,Apple,Food,5.56,Weequahic,2025-06-26 14:43:59
466,3,3,Walmart,Groceries,61.74,Weequahic,2025-06-28 22:30:33
467,3,3,McDonald's,Electronics,18.01,Ironbound District,2025-06-29 20:22:06
468,3,3,Home Depot,Food,100.77,University Heights,2025-06-30 16:21:48
469,3,3,McDonald's,Electronics,13.14,Downtown Newark,2025-07-01 22:40:39
470,4,4,Target,Electronics,2.73,Weequahic,2025-07-01 22:51:25
471,1,1,Amazon,Transport,2.25,Vailsburg,2025-07-03 13:58:31
472,3,3,CVS,Groceries,12.37,Downtown Newark,2025-07-03 12:00:30
473,1,1,CVS,Electronics,12.08,Ironbound District,2025-07-03 14:03:51
474,2,2,McDonald's,Transport,24.95,Weequahic,2025-07-05 22:04:12
475,1,1,Amazon,Entertainment,25.51,Ironbound District,2025-07-05 10:19:00
476,4,4,Apple,Transport,1.99,Downtown Newark,2025-07-07 16:45:58
477,1,1,Walmart,Transport,5.65,Central Ward,2025-07-07 19:45:10
478,3,3,Uber,Health,18.76,Ironbound District,2025-07-09 20:39:29
479,3,3,Apple,Health,26.38,Weequahic,2025-07-09 20:56:25
480,1,1,Starbucks,Transport,48.92,Central Ward,2025-07-14 18:13:08
481,3,3,Uber,Groceries,3.66,University Heights,2025-07-14 09:56:38
482,2,2,Walmart,Electronics,15.06,Downtown Newark,2025-07-14 11:43:47
483,3,3,McDonald's,Health,4.97,Weequahic,2025-07-15 16:14:23
484,1,1,McDonald's,Electronics,2.25,Vailsburg,2025-07-15 08:49:57
485,2,2,Best Buy,Shopping,8.59,Weequahic,2025-07-16 15:03:28
486,4,4,McDonald's,Transport,4.16,Vailsburg,2025-07-17 18:10:29
487,1,1,CVS,Food,15.5,Central Ward,2025-07-17 17:22:23
488,3,3,Walmart,Electronics,7.8,Central Ward,2025-07-18 16:29:18
489,2,2,Starbucks,Groceries,25.94,Central Ward,2025-07-18 08:19:19
490,4,4,Best Buy,Food,75.45,Downtown Newark,2025-07-19 17:32:57
491,1,1,Target,Food,13.3,Downtown Newark,2025-07-19 11:13:49
492,1,1,Starbucks,Groceries,4.92,University Heights,2025-07-20 15:06:39
493,1,1,Starbucks,Health,18.69,Vailsburg,2025-07-21 09:47:24
494,2,2,Uber,Groceries,7.99,Ironbound District,2025-07-21 09:04:57
495,4,4,Target,Food,46.61,Ironbound District,2025-07-22 22:01:30
496,4,4,McDonald's,Transport,30.66,University Heights,2025-07-22 14:49:31
497,2,2,McDonald's,Food,48.93,Weequahic,2025-07-22 18:58:04
498,2,2,Home Depot,Groceries,7.04,Ironbound District,2025-07-23 15:44:55
499,3,3,CVS,Shopping,13.78,University Heights,2025-07-24 20:03:44
500,2,2,Starbucks,Health,2.13,Ironbound District,2025-07-25 14:04:23
501,2,2,Home Depot,Groceries,5.02,Weequahic,2025-07-25 10:34:24
502,4,4,Best Buy,Health,11.18,Ironbound District,2025-07-25 16:31:59
503,3,3,Walmart,Groceries,15.4,Vailsburg,2025-07-26 20:09:04
504,1,1,Uber,Shopping,10.36,Weequahic,2025-07-26 12:21:06
505,4,4,McDonald's,Entertainment,28.75,Downtown Newark,2025-07-27 21:18:34
506,4,4,Target,Health,11.68,Central Ward,2025-07-27 21:51:49
507,1,1,CVS,Transport,19.22,University Heights,2025-07-29 20:12:10
508,3,3,Walmart,Transport,37.26,Weequahic,2025-07-30 08:10:30
509,4,4,Apple,Groceries,2.5,Weequahic,2025-07-30 18:35:15
510,1,1,Best Buy,Transport,6.11,Downtown Newark,2025-07-31 09:57:48
511,3,3,Uber,Food,38.42,Downtown Newark,2025-08-01 09:16:05
512,3,3,Amazon,Transport,25.65,Weequahic,2025-08-01 10:35:16
513,3,3,CVS,Groceries,76.15,Downtown Newark,2025-08-03 11:57:36
514,2,2,Best Buy,Food,3.06,University Heights,2025-08-05 21:42:08
515,2,2,Apple,Entertainment,10.46,Downtown Newark,2025-08-05 13:38:58
516,3,3,CVS,Entertainment,129.67,Weequahic,2025-08-06 12:50:13
517,1,1,Amazon,Health,88.24,University Heights,2025-08-06 14:16:46
518,4,4,Apple,Electronics,96.01,Central Ward,2025-08-07 19:27:59
519,4,4,Walmart,Electronics,360.58,Vailsburg,2025-08-07 10:28:27
520,4,4,Amazon,Health,10.57,Ironbound District,2025-08-07 13:56:22
521,2,2,Amazon,Electronics,7.62,Ironbound District,2025-08-10 17:31:33
522,2,2,Uber,Transport,5.67,University Heights,2025-08-11 16:50:39
523,2,2,Home Depot,Shopping,12.3,Central Ward,2025-08-11 12:58:40
524,1,1,Walmart,Food,8.97,Forest Hill,2025-08-12 08:24:17
525,2,2,Target,Entertainment,19.93,University Heights,2025-08-12 21:41:07
526,1,1,Apple,Electronics,43.11,Ironbound District,2025-08-13 16:54:59
527,4,4,Home Depot,Food,11.45,Vailsburg,2025-08-13 13:44:11
528,1,1,McDonald's,Health,50.87,Vailsburg,2025-08-13 17:58:39
529,2,2,Uber,Health,17.67,University Heights,2025-08-14 21:13:16
530,1,1,McDonald's,Shopping,13.96,University Heights,2025-08-14 11:13:46
531,1,1,McDonald's,Health,10.97,Downtown Newark,2025-08-14 21:56:04
532,2,2,McDonald's,Entertainment,22.77,Ironbound District,2025-08-16 09:00:34
533,1,1,Starbucks,Groceries,10.26,University Heights,2025-08-16 21:07:56
534,4,4,Target,Health,15.54,Ironbound District,2025-08-17 20:25:43
535,4,4,Starbucks,Transport,4.29,Weequahic,2025-08-17 19:11:47
536,4,4,Target,Transport,12.55,Ironbound District,2025-08-17 13:01:49
537,4,4,Uber,Entertainment,5.0,Downtown Newark,2025-08-19 12:46:53
538,4,4,Starbucks,Entertainment,38.33,Ironbound District,2025-08-19 21:00:40
539,3,3,Starbucks,Groceries,8.65,Ironbound District,2025-08-19 20:08:41
540,3,3,Starbucks,Transport,19.54,Forest Hill,2025-08-20 09:08:04
541,4,4,Home Depot,Groceries,29.75,University Heights,2025-08-20 17:09:55
542,3,3,Walmart,Groceries,19.86,Downtown Newark,2025-08-20 08:07:55
543,3,3,CVS,Shopping,16.81,Vailsburg,2025-08-21 11:23:27
544,3,3,Walmart,Groceries,43.29,University Heights,2025-08-22 20:29:56
545,2,2,CVS,Transport,4.06,Weequahic,2025-08-23 20:29:31
546,2,2,Home Depot,Electronics,11.11,Vailsburg,2025-08-23 08:13:43
547,4,4,Apple,Transport,9.9,Vailsburg,2025-08-24 15:05:18
548,1,1,Starbucks,Electronics,35.2,Weequahic,2025-08-24 20:05:00
549,1,1,Home Depot,Food,115.12,University Heights,2025-08-25 08:36:50
550,4,4,Walmart,Food,4.74,Downtown Newark,2025-08-25 11:49:44
551,2,2,Apple,Entertainment,2.92,Forest Hill,2025-08-26 13:48:35
552,2,2,Target,Groceries,11.7,Weequahic,2025-08-26 16:44:09
553,3,3,CVS,Health,83.08,Central Ward,2025-08-26 14:09:00
554,3,3,Target,Health,1.92,Downtown Newark,2025-08-27 18:32:08
555,4,4,Best Buy,Transport,22.44,Weequahic,2025-08-27 17:09:38
556,4,4,Uber,Entertainment,138.47,Weequahic,2025-08-29 21:10:50
557,3,3,CVS,Transport,68.73,Forest Hill,2025-08-29 17:45:09
558,4,4,Target,Food,18.14,University Heights,2025-08-31 13:38:11
559,3,3,CVS,Electronics,8.92,Vailsburg,2025-08-31 11:07:10
560,4,4,CVS,Transport,18.78,Forest Hill,2025-08-31 09:41:23
561,1,1,Home Depot,Electronics,38.57,Central Ward,2025-09-01 13:10:53
562,2,2,McDonald's,Transport,7.11,Weequahic,2025-09-01 22:43:45
563,1,1,Starbucks,Groceries,15.97,Forest Hill,2025-09-01 09:32:16
564,3,3,Amazon,Food,2.43,Vailsburg,2025-09-02 18:47:32
565,1,1,Starbucks,Food,96.2,Ironbound District,2025-09-02 13:52:26
566,3,3,McDonald's,Transport,12.05,Ironbound District,2025-09-02 15:09:22
567,1,1,Best Buy,Groceries,12.87,Ironbound District,2025-09-03 20:23:04
568,2,2,Walmart,Groceries,45.29,Vailsburg,2025-09-03 12:33:10
569,4,4,Best Buy,Food,13.04,Central Ward,2025-09-03 20:22:40
570,4,4,Amazon,Groceries,19.65,Downtown Newark,2025-09-04 12:40:16
571,3,3,Walmart,Health,17.51,Ironbound District,2025-09-05 14:46:47
572,4,4,Apple,Entertainment,18.28,Downtown Newark,2025-09-06 15:01:56
573,3,3,Starbucks,Entertainment,96.78,Forest Hill,2025-09-06 20:42:00
574,3,3,Best Buy,Transport,24.7,Forest Hill,2025-09-06 18:30:48
575,1,1,Uber,Health,16.59,Forest Hill,2025-09-07 18:20:35
576,1,1,CVS,Shopping,12.48,Central Ward,2025-09-07 16:58:26
577,1,1,Amazon,Electronics,9.0,Ironbound District,2025-09-08 21:41:03
578,1,1,Starbucks,Health,31.25,Ironbound District,2025-09-08 20:35:25
579,4,4,Amazon,Groceries,2.25,Ironbound District,2025-09-10 14:17:19
580,2,2,McDonald's,Transport,43.55,Central Ward,2025-09-11 09:09:39
581,1,1,Home Depot,Electronics,19.65,Weequahic,2025-09-12 08:43:39
582,2,2,McDonald's,Groceries,2.11,Weequahic,2025-09-12 09:26:36
583,1,1,Walmart,Shopping,85.0,Vailsburg,2025-09-12 13:57:33
584,4,4,CVS,Groceries,18.0,Weequahic,2025-09-13 18:29:00
585,3,3,Starbucks,Health,5.33,Downtown Newark,2025-09-13 10:43:39
586,3,3,Starbucks,Entertainment,11.41,Forest Hill,2025-09-14 08:56:38
587,1,1,Apple,Entertainment,36.38,Central Ward,2025-09-14 16:18:49
588,3,3,Home Depot,Health,14.47,Downtown Newark,2025-09-15 17:18:55
589,1,1,Best Buy,Groceries,120.97,Ironbound District,2025-09-15 15:31:01
590,2,2,CVS,Health,146.19,Forest Hill,2025-09-17 15:49:57
591,4,4,McDonald's,Electronics,27.07,Weequahic,2025-09-18 21:58:16
592,2,2,Home Depot,Groceries,19.41,Ironbound District,2025-09-18 16:02:31
593,2,2,Amazon,Shopping,9.04,Forest Hill,2025-09-18 21:47:18
594,4,4,Uber,Entertainment,55.33,Forest Hill,2025-09-20 16:00:16
595,1,1,Uber,Health,84.13,Central Ward,2025-09-20 16:14:23
596,3,3,Target,Groceries,160.93,Forest Hill,2025-09-20 16:30:23
597,4,4,Walmart,Groceries,86.4,Forest Hill,2025-09-21 22:46:29
598,4,4,CVS,Food,6.31,Central Ward,2025-09-22 22:46:35
599,3,3,Walmart,Electronics,38.25,Vailsburg,2025-09-22 10:41:51
600,4,4,Home Depot,Food,37.36,University Heights,2025-09-25 18:58:47
601,3,3,Starbucks,Shopping,12.19,Weequahic,2025-09-25 16:44:41
602,1,1,Home Depot,Groceries,16.7,Ironbound District,2025-09-25 11:38:12
603,1,1,Starbucks,Electronics,6.99,Central Ward,2025-09-26 16:07:43
604,4,4,Starbucks,Groceries,38.69,Vailsburg,2025-09-26 17:31:00
605,4,4,Uber,Food,3.26,Forest Hill,2025-09-26 20:10:56
606,2,2,Amazon,Electronics,16.3,Weequahic,2025-09-27 20:51:59
607,3,3,Home Depot,Food,38.77,Forest Hill,2025-09-27 08:47:35
608,4,4,Target,Groceries,16.5,University Heights,2025-09-27 10:17:40
609,2,2,Amazon,Food,41.32,Vailsburg,2025-09-28 08:29:41
610,3,3,Amazon,Transport,86.83,University Heights,2025-09-29 21:35:07
611,3,3,Walmart,Food,8.28,Weequahic,2025-09-29 18:02:09
612,1,1,Uber,Transport,53.38,Central Ward,2025-09-30 13:28:48
613,2,2,Target,Health,22.39,Forest Hill,2025-10-01 11:03:29
614,4,4,Home Depot,Groceries,79.39,Weequahic,2025-10-01 22:42:31
615,1,1,Uber,Shopping,87.02,Central Ward,2025-10-02 12:49:28
616,4,4,Starbucks,Electronics,15.59,Downtown Newark,2025-10-02 20:08:32
617,2,2,CVS,Electronics,53.49,Downtown Newark,2025-10-02 14:20:38
618,4,4,Starbucks,Entertainment,234.7,Central Ward,2025-10-03 08:30:02
619,4,4,Uber,Electronics,11.54,Vailsburg,2025-10-06 18:54:52
620,4,4,Walmart,Groceries,36.81,Ironbound District,2025-10-06 21:39:19
621,1,1,McDonald's,Transport,5.11,Ironbound District,2025-10-06 11:34:03
622,2,2,Apple,Electronics,3.01,Downtown Newark,2025-10-07 18:12:55
623,2,2,Uber,Electronics,19.93,Forest Hill,2025-10-08 09:56:07
624,4,4,Starbucks,Electronics,34.46,Ironbound District,2025-10-08 11:52:27
625,1,1,Walmart,Health,1.5,Vailsburg,2025-10-10 19:06:11
626,2,2,Best Buy,Transport,9.2,Central Ward,2025-10-10 21:34:18
627,1,1,Apple,Groceries,235.17,Weequahic,2025-10-11 16:58:04
628,1,1,CVS,Shopping,97.7,University Heights,2025-10-11 14:17:59
629,4,4,CVS,Health,28.63,Ironbound District,2025-10-11 15:15:10
630,3,3,Uber,Food,10.83,Forest Hill,2025-10-13 08:52:20
631,1,1,CVS,Transport,2.41,Vailsburg,2025-10-13 15:11:51
632,1,1,Starbucks,Groceries,16.45,Central Ward,2025-10-13 17:20:47
633,1,1,McDonald's,Shopping,11.8,Ironbound District,2025-10-14 22:09:02
634,4,4,Amazon,Transport,30.87,University Heights,2025-10-15 13:04:24
635,2,2,Home Depot,Entertainment,46.19,University Heights,2025-10-18 21:37:40
636,2,2,Best Buy,Entertainment,10.85,Ironbound District,2025-10-19 21:16:08
637,2,2,Best Buy,Transport,186.24,Weequahic,2025-10-19 15:57:13
638,3,3,Uber,Transport,17.43,Downtown Newark,2025-10-20 18:15:58
639,3,3,Uber,Health,123.42,Vailsburg,2025-10-22 18:54:28
640,4,4,CVS,Entertainment,37.64,Ironbound District,2025-10-25 17:27:47
641,3,3,Amazon,Electronics,76.9,Vailsburg,2025-10-25 16:04:52
642,2,2,Uber,Health,78.22,Central Ward,2025-10-26 19:56:07
643,2,2,Apple,Transport,18.79,University Heights,2025-10-27 14:00:18
644,3,3,McDonald's,Food,81.03,University Heights,2025-10-29 16:07:07
645,3,3,Amazon,Electronics,8.75,Vailsburg,2025-10-29 16:32:44
646,1,1,Target,Entertainment,106.35,Weequahic,2025-10-29 15:00:08
647,4,4,CVS,Transport,8.86,Weequahic,2025-10-30 19:56:06
648,2,2,Amazon,Shopping,10.91,Central Ward,2025-11-01 10:00:45
649,1,1,Amazon,Health,16.06,Ironbound District,2025-11-01 09:47:53
650,3,3,Amazon,Health,4.25,University Heights,2025-11-02 20:52:05
651,2,2,Uber,Groceries,122.71,University Heights,2025-11-02 13:11:16
652,1,1,Target,Electronics,1.47,Downtown Newark,2025-11-05 10:15:57
653,4,4,Starbucks,Transport,125.95,Weequahic,2025-11-07 22:44:35
654,3,3,Starbucks,Entertainment,33.82,Weequahic,2025-11-07 13:26:51
655,2,2,Apple,Transport,24.8,Ironbound District,2025-11-07 16:51:30
656,1,1,Amazon,Groceries,59.89,Vailsburg,2025-11-08 16:17:55
657,1,1,Home Depot,Electronics,18.53,Ironbound District,2025-11-09 12:27:34
658,4,4,Target,Shopping,11.43,Downtown Newark,2025-11-10 12:37:09
659,3,3,Amazon,Electronics,3.98,Ironbound District,2025-11-10 21:46:36
660,4,4,Amazon,Entertainment,23.77,Weequahic,2025-11-14 22:17:53
661,2,2,McDonald's,Food,1.61,Downtown Newark,2025-11-14 16:19:55
662,3,3,Target,Shopping,19.24,Ironbound District,2025-11-15 18:46:22
663,2,2,Best Buy,Entertainment,46.35,Ironbound District,2025-11-15 19:21:29
664,3,3,Apple,Electronics,46.36,Weequahic,2025-11-16 16:27:44
665,1,1,Starbucks,Shopping,10.07,Central Ward,2025-11-18 12:53:23
666,1,1,Home Depot,Food,1.44,Forest Hill,2025-11-20 10:50:14
667,4,4,Amazon,Groceries,17.7,University Heights,2025-11-21 14:09:02
668,3,3,Apple,Transport,5.48,Vailsburg,2025-11-22 13:29:15
669,1,1,Uber,Transport,38.73,Weequahic,2025-11-22 17:48:49
670,3,3,Apple,Health,26.22,Downtown Newark,2025-11-22 16:56:12
671,3,3,Uber,Entertainment,14.08,Downtown Newark,2025-11-23 12:50:49
672,3,3,Best Buy,Shopping,79.34,Ironbound District,2025-11-24 08:39:30
673,4,4,CVS,Groceries,9.72,Ironbound District,2025-11-24 11:44:56
674,4,4,Walmart,Groceries,47.35,Central Ward,2025-11-26 22:02:43
675,3,3,McDonald's,Groceries,13.56,University Heights,2025-11-27 20:13:41
676,3,3,McDonald's,Groceries,7.75,Vailsburg,2025-12-01 10:08:24
677,3,3,Home Depot,Food,3.86,Vailsburg,2025-12-01 16:35:32
678,2,2,Amazon,Health,11.2,Downtown Newark,2025-12-01 16:47:08
679,2,2,Home Depot,Entertainment,1.19,Weequahic,2025-12-02 16:35:33
680,3,3,Amazon,Entertainment,26.05,Ironbound District,2025-12-02 09:53:57
681,4,4,Apple,Food,17.82,Central Ward,2025-12-03 18:50:51
682,1,1,Walmart,Entertainment,19.5,Vailsburg,2025-12-04 21:22:50
683,4,4,Apple,Groceries,46.79,Forest Hill,2025-12-04 17:05:18
684,4,4,Best Buy,Electronics,8.91,University Heights,2025-12-04 09:33:39
685,2,2,Home Depot,Electronics,52.59,Forest Hill,2025-12-05 09:30:48
686,3,3,Target,Groceries,30.92,University Heights,2025-12-06 11:54:34
687,2,2,Walmart,Groceries,57.7,Downtown Newark,2025-12-06 19:29:00
688,2,2,Uber,Groceries,47.56,University Heights,2025-12-08 19:04:24
689,2,2,Apple,Entertainment,4.02,Ironbound District,2025-12-09 17:09:03
690,4,4,CVS,Health,32.12,Vailsburg,2025-12-10 20:06:43
691,3,3,CVS,Entertainment,42.96,Forest Hill,2025-12-11 20:38:36
692,1,1,CVS,Entertainment,305.71,University Heights,2025-12-11 15:56:46
693,2,2,McDonald's,Groceries,7.76,Vailsburg,2025-12-12 16:46:02
694,1,1,Amazon,Health,184.86,Forest Hill,2025-12-12 16:35:51
695,4,4,McDonald's,Shopping,97.0,Weequahic,2025-12-13 16:38:02
696,1,1,Rutgers,School,-171.08,Newark,2024-09-07 10:18:30
697,2,2,Rutgers,School,-59.48,Newark,2024-09-07 15:19:17
698,3,3,Rutgers,School,-198.98,Newark,2024-09-07 12:23:48
699,4,4,Rutgers,School,-181.01,Newark,2024-09-07 11:57:03
700,1,1,Rutgers,School,-54.14,Newark,2024-09-14 17:10:56
701,2,2,Rutgers,School,-129.26,Newark,2024-09-14 11:10:26
702,3,3,Rutgers,School,-57.92,Newark,2024-09-14 09:04:35
703,4,4,Rutgers,School,-62.56,Newark,2024-09-14 09:12:15
704,1,1,Rutgers,School,-61.74,Newark,2024-09-21 10:57:35
705,2,2,Rutgers,School,-77.33,Newark,2024-09-21 11:02:04
706,3,3,Rutgers,School,-137.63,Newark,2024-09-21 15:03:03
707,4,4,Rutgers,School,-151.59,Newark,2024-09-21 12:11:53
708,1,1,Rutgers,School,-65.37,Newark,2024-09-28 17:19:59
709,2,2,Rutgers,School,-137.64,Newark,2024-09-28 13:13:23
710,3,3,Rutgers,School,-176.22,Newark,2024-09-28 09:55:46
711,4,4,Rutgers,School,-51.01,Newark,2024-09-28 16:38:04
712,1,1,Rutgers,School,-182.66,Newark,2024-10-05 10:45:24
713,2,2,Rutgers,School,-57.64,Newark,2024-10-05 13:46:00
714,3,3,Rutgers,School,-66.39,Newark,2024-10-05 15:17:28
715,4,4,Rutgers,School,-69.07,Newark,2024-10-05 17:41:23
716,1,1,Rutgers,School,-74.83,Newark,2024-10-12 14:30:38
717,2,2,Rutgers,School,-201.35,Newark,2024-10-12 15:11:42
718,3,3,Rutgers,School,-136.61,Newark,2024-10-12 10:57:37
719,4,4,Rutgers,School,-83.2,Newark,2024-10-12 17:48:42
720,1,1,Rutgers,School,-142.51,Newark,2024-10-19 13:34:32
721,2,2,Rutgers,School,-134.75,Newark,2024-10-19 10:25:21
722,3,3,Rutgers,School,-158.84,Newark,2024-10-19 12:06:42
723,4,4,Rutgers,School,-198.45,Newark,2024-10-19 12:50:52
724,1,1,Rutgers,School,-84.19,Newark,2024-10-26 14:12:31
725,2,2,Rutgers,School,-75.32,Newark,2024-10-26 15:52:48
726,3,3,Rutgers,School,-64.74,Newark,2024-10-26 17:45:26
727,4,4,Rutgers,School,-149.01,Newark,2024-10-26 09:41:57
728,1,1,Rutgers,School,-64.82,Newark,2024-11-02 16:58:16
729,2,2,Rutgers,School,-55.02,Newark,2024-11-02 13:39:11
730,3,3,Rutgers,School,-91.9,Newark,2024-11-02 12:17:01
731,4,4,Rutgers,School,-70.78,Newark,2024-11-02 15:07:51
732,1,1,Rutgers,School,-79.56,Newark,2024-11-09 13:33:02
733,2,2,Rutgers,School,-101.15,Newark,2024-11-09 11:16:55
734,3,3,Rutgers,School,-112.89,Newark,2024-11-09 15:05:43
735,4,4,Rutgers,School,-132.96,Newark,2024-11-09 11:14:44
736,1,1,Rutgers,School,-98.17,Newark,2024-11-16 13:39:19
737,2,2,Rutgers,School,-106.32,Newark,2024-11-16 14:22:03
738,3,3,Rutgers,School,-67.09,Newark,2024-11-16 09:50:41
739,4,4,Rutgers,School,-108.33,Newark,2024-11-16 10:58:26
740,1,1,Rutgers,School,-60.84,Newark,2024-11-23 09:25:49
741,2,2,Rutgers,School,-95.33,Newark,2024-11-23 17:38:54
742,3,3,Rutgers,School,-173.77,Newark,2024-11-23 12:21:00
743,4,4,Rutgers,School,-129.18,Newark,2024-11-23 09:37:10
744,1,1,Rutgers,School,-156.91,Newark,2024-11-30 15:48:07
745,2,2,Rutgers,School,-211.37,Newark,2024-11-30 14:08:27
746,3,3,Rutgers,School,-138.84,Newark,2024-11-30 09:40:04
747,4,4,Rutgers,School,-95.73,Newark,2024-11-30 16:31:47
748,1,1,Rutgers,School,-52.8,Newark,2024-12-07 09:47:41
749,2,2,Rutgers,School,-201.97,Newark,2024-12-07 13:02:56
750,3,3,Rutgers,School,-122.45,Newark,2024-12-07 12:25:10
751,4,4,Rutgers,School,-108.46,Newark,2024-12-07 11:34:57
752,1,1,Rutgers,School,-91.14,Newark,2024-12-14 17:04:18
753,2,2,Rutgers,School,-226.0,Newark,2024-12-14 14:46:00
754,3,3,Rutgers,School,-52.31,Newark,2024-12-14 09:28:27
755,4,4,Rutgers,School,-96.97,Newark,2024-12-14 11:51:53
756,1,1,Rutgers,School,-56.32,Newark,2024-12-21 15:00:13
757,2,2,Rutgers,School,-75.6,Newark,2024-12-21 09:46:47
758,3,3,Rutgers,School,-55.96,Newark,2024-12-21 17:41:31
759,4,4,Rutgers,School,-61.81,Newark,2024-12-21 10:53:09
760,1,1,Rutgers,School,-68.88,Newark,2024-12-28 14:44:36
761,2,2,Rutgers,School,-64.46,Newark,2024-12-28 15:20:53
762,3,3,Rutgers,School,-216.84,Newark,2024-12-28 11:12:25
763,4,4,Rutgers,School,-55.59,Newark,2024-12-28 17:05:43
764,1,1,Rutgers,School,-90.68,Newark,2025-01-04 09:15:33
765,2,2,Rutgers,School,-133.35,Newark,2025-01-04 16:27:44
766,3,3,Rutgers,School,-69.73,Newark,2025-01-04 13:08:29
767,4,4,Rutgers,School,-136.93,Newark,2025-01-04 17:19:47
768,1,1,Rutgers,School,-60.93,Newark,2025-01-11 17:54:17
769,2,2,Rutgers,School,-70.3,Newark,2025-01-11 15:23:35
770,3,3,Rutgers,School,-116.77,Newark,2025-01-11 09:27:55
771,4,4,Rutgers,School,-218.01,Newark,2025-01-11 09:45:22
772,1,1,Rutgers,School,-69.51,Newark,2025-01-18 09:20:41
773,2,2,Rutgers,School,-60.98,Newark,2025-01-18 14:23:25
774,3,3,Rutgers,School,-130.64,Newark,2025-01-18 13:37:22
775,4,4,Rutgers,School,-119.62,Newark,2025-01-18 16:32:53
776,1,1,Rutgers,School,-62.57,Newark,2025-01-25 12:09:31
777,2,2,Rutgers,School,-144.54,Newark,2025-01-25 13:43:20
778,3,3,Rutgers,School,-59.89,Newark,2025-01-25 09:01:28
779,4,4,Rutgers,School,-99.06,Newark,2025-01-25 10:44:33
780,1,1,Rutgers,School,-89.99,Newark,2025-02-01 16:33:16
781,2,2,Rutgers,School,-85.82,Newark,2025-02-01 15:09:18
782,3,3,Rutgers,School,-106.43,Newark,2025-02-01 16:09:48
783,4,4,Rutgers,School,-67.56,Newark,2025-02-01 15:10:21
784,1,1,Rutgers,School,-101.89,Newark,2025-02-08 14:55:26
785,2,2,Rutgers,School,-101.31,Newark,2025-02-08 14:59:49
786,3,3,Rutgers,School,-90.09,Newark,2025-02-08 12:29:38
787,4,4,Rutgers,School,-211.04,Newark,2025-02-08 10:48:44
788,1,1,Rutgers,School,-113.2,Newark,2025-02-15 11:22:13
789,2,2,Rutgers,School,-74.94,Newark,2025-02-15 10:20:51
790,3,3,Rutgers,School,-79.73,Newark,2025-02-15 12:14:10
791,4,4,Rutgers,School,-96.77,Newark,2025-02-15 10:29:07
792,1,1,Rutgers,School,-72.46,Newark,2025-02-22 10:38:48
793,2,2,Rutgers,School,-59.85,Newark,2025-02-22 13:14:23
794,3,3,Rutgers,School,-93.7,Newark,2025-02-22 11:42:09
795,4,4,Rutgers,School,-51.35,Newark,2025-02-22 16:07:16
796,1,1,Rutgers,School,-74.38,Newark,2025-03-01 09:07:03
797,2,2,Rutgers,School,-50.32,Newark,2025-03-01 10:15:53
798,3,3,Rutgers,School,-63.97,Newark,2025-03-01 14:32:33
799,4,4,Rutgers,School,-98.15,Newark,2025-03-01 17:35:31
800,1,1,Rutgers,School,-76.33,Newark,2025-03-08 15:51:21
801,2,2,Rutgers,School,-58.65,Newark,2025-03-08 11:35:38
802,3,3,Rutgers,School,-212.3,Newark,2025-03-08 11:29:13
803,4,4,Rutgers,School,-119.11,Newark,2025-03-08 15:37:55
804,1,1,Rutgers,School,-88.71,Newark,2025-03-15 17:31:20
805,2,2,Rutgers,School,-54.95,Newark,2025-03-15 10:24:05
806,3,3,Rutgers,School,-167.19,Newark,2025-03-15 15:04:01
807,4,4,Rutgers,School,-60.68,Newark,2025-03-15 16:02:46
808,1,1,Rutgers,School,-148.26,Newark,2025-03-22 16:07:33
809,2,2,Rutgers,School,-87.16,Newark,2025-03-22 13:09:22
810,3,3,Rutgers,School,-50.41,Newark,2025-03-22 14:39:42
811,4,4,Rutgers,School,-127.65,Newark,2025-03-22 16:00:47
812,1,1,Rutgers,School,-128.8,Newark,2025-03-29 10:31:24
813,2,2,Rutgers,School,-102.39,Newark,2025-03-29 12:50:15
814,3,3,Rutgers,School,-55.19,Newark,2025-03-29 11:43:25
815,4,4,Rutgers,School,-75.56,Newark,2025-03-29 15:42:21
816,1,1,Rutgers,School,-78.06,Newark,2025-04-05 13:53:09
817,2,2,Rutgers,School,-81.77,Newark,2025-04-05 17:11:37
818,3,3,Rutgers,School,-118.98,Newark,2025-04-05 16:47:11
819,4,4,Rutgers,School,-67.22,Newark,2025-04-05 12:53:55
820,1,1,Rutgers,School,-209.55,Newark,2025-04-12 11:59:41
821,2,2,Rutgers,School,-102.7,Newark,2025-04-12 15:24:23
822,3,3,Rutgers,School,-136.44,Newark,2025-04-12 16:10:16
823,4,4,Rutgers,School,-107.25,Newark,2025-04-12 09:16:40
824,1,1,Rutgers,School,-67.75,Newark,2025-04-19 13:55:03
825,2,2,Rutgers,School,-60.34,Newark,2025-04-19 16:05:23
826,3,3,Rutgers,School,-124.77,Newark,2025-04-19 10:41:40
827,4,4,Rutgers,School,-83.36,Newark,2025-04-19 15:36:09
828,1,1,Rutgers,School,-210.43,Newark,2025-04-26 11:33:23
829,2,2,Rutgers,School,-74.24,Newark,2025-04-26 16:39:22
830,3,3,Rutgers,School,-205.89,Newark,2025-04-26 14:02:20
831,4,4,Rutgers,School,-115.28,Newark,2025-04-26 14:38:15
832,1,1,Rutgers,School,-163.54,Newark,2025-05-03 17:25:27
833,2,2,Rutgers,School,-102.67,Newark,2025-05-03 13:17:07
834,3,3,Rutgers,School,-61.85,Newark,2025-05-03 10:23:16
835,4,4,Rutgers,School,-89.63,Newark,2025-05-03 11:52:27
836,1,1,Rutgers,School,-91.07,Newark,2025-05-10 17:43:19
837,2,2,Rutgers,School,-77.24,Newark,2025-05-10 09:16:19
838,3,3,Rutgers,School,-75.07,Newark,2025-05-10 13:00:00
839,4,4,Rutgers,School,-178.17,Newark,2025-05-10 17:18:45
840,1,1,Rutgers,School,-58.91,Newark,2025-05-17 14:44:13
841,2,2,Rutgers,School,-67.41,Newark,2025-05-17 14:23:19
842,3,3,Rutgers,School,-88.65,Newark,2025-05-17 17:00:59
843,4,4,Rutgers,School,-142.09,Newark,2025-05-17 09:14:00
844,1,1,Rutgers,School,-129.03,Newark,2025-05-24 09:33:38
845,2,2,Rutgers,School,-60.65,Newark,2025-05-24 12:54:37
846,3,3,Rutgers,School,-88.45,Newark,2025-05-24 11:18:55
847,4,4,Rutgers,School,-174.8,Newark,2025-05-24 17:27:22
848,1,1,Rutgers,School,-152.92,Newark,2025-05-31 17:39:52
849,2,2,Rutgers,School,-79.86,Newark,2025-05-31 14:34:46
850,3,3,Rutgers,School,-104.82,Newark,2025-05-31 14:40:49
851,4,4,Rutgers,School,-118.18,Newark,2025-05-31 17:58:32
852,1,1,Rutgers,School,-194.82,Newark,2025-06-07 11:35:14
853,2,2,Rutgers,School,-144.02,Newark,2025-06-07 15:23:26
854,3,3,Rutgers,School,-208.3,Newark,2025-06-07 13:41:35
855,4,4,Rutgers,School,-124.56,Newark,2025-06-07 09:27:01
856,1,1,Rutgers,School,-106.73,Newark,2025-06-14 16:50:24
857,2,2,Rutgers,School,-147.02,Newark,2025-06-14 12:13:50
858,3,3,Rutgers,School,-132.06,Newark,2025-06-14 12:38:08
859,4,4,Rutgers,School,-212.03,Newark,2025-06-14 14:54:59
860,1,1,Rutgers,School,-70.72,Newark,2025-06-21 11:33:15
861,2,2,Rutgers,School,-173.32,Newark,2025-06-21 17:53:46
862,3,3,Rutgers,School,-214.04,Newark,2025-06-21 12:54:41
863,4,4,Rutgers,School,-77.46,Newark,2025-06-21 15:37:40
864,1,1,Rutgers,School,-215.51,Newark,2025-06-28 12:35:58
865,2,2,Rutgers,School,-58.19,Newark,2025-06-28 10:36:07
866,3,3,Rutgers,School,-85.33,Newark,2025-06-28 17:39:55
867,4,4,Rutgers,School,-54.14,Newark,2025-06-28 15:00:25
868,1,1,Rutgers,School,-75.85,Newark,2025-07-05 11:38:43
869,2,2,Rutgers,School,-98.92,Newark,2025-07-05 15:14:40
870,3,3,Rutgers,School,-145.51,Newark,2025-07-05 11:53:50
871,4,4,Rutgers,School,-175.43,Newark,2025-07-05 16:11:45
872,1,1,Rutgers,School,-77.05,Newark,2025-07-12 15:46:06
873,2,2,Rutgers,School,-161.52,Newark,2025-07-12 14:23:48
874,3,3,Rutgers,School,-148.77,Newark,2025-07-12 16:59:52
875,4,4,Rutgers,School,-81.78,Newark,2025-07-12 09:30:06
876,1,1,Rutgers,School,-113.23,Newark,2025-07-19 13:46:08
877,2,2,Rutgers,School,-163.46,Newark,2025-07-19 17:56:04
878,3,3,Rutgers,School,-95.49,Newark,2025-07-19 17:10:09
879,4,4,Rutgers,School,-67.89,Newark,2025-07-19 13:51:11
880,1,1,Rutgers,School,-67.68,Newark,2025-07-26 14:55:04
881,2,2,Rutgers,School,-212.3,Newark,2025-07-26 10:24:13
882,3,3,Rutgers,School,-58.47,Newark,2025-07-26 15:45:45
883,4,4,Rutgers,School,-143.31,Newark,2025-07-26 13:46:21
884,1,1,Rutgers,School,-121.47,Newark,2025-08-02 10:01:23
885,2,2,Rutgers,School,-68.2,Newark,2025-08-02 09:07:22
886,3,3,Rutgers,School,-62.9,Newark,2025-08-02 15:19:37
887,4,4,Rutgers,School,-102.91,Newark,2025-08-02 16:56:04
888,1,1,Rutgers,School,-68.99,Newark,2025-08-09 11:37:09
889,2,2,Rutgers,School,-59.87,Newark,2025-08-09 17:51:40
890,3,3,Rutgers,School,-118.65,Newark,2025-08-09 17:39:56
891,4,4,Rutgers,School,-81.91,Newark,2025-08-09 16:09:04
892,1,1,Rutgers,School,-106.67,Newark,2025-08-16 11:20:51
893,2,2,Rutgers,School,-169.04,Newark,2025-08-16 16:09:49
894,3,3,Rutgers,School,-177.78,Newark,2025-08-16 16:39:04
895,4,4,Rutgers,School,-76.92,Newark,2025-08-16 14:15:57
896,1,1,Rutgers,School,-162.25,Newark,2025-08-23 12:37:13
897,2,2,Rutgers,School,-177.48,Newark,2025-08-23 14:39:39
898,3,3,Rutgers,School,-73.58,Newark,2025-08-23 14:58:45
899,4,4,Rutgers,School,-51.01,Newark,2025-08-23 13:27:57
900,1,1,Rutgers,School,-63.53,Newark,2025-08-30 13:03:34
901,2,2,Rutgers,School,-87.01,Newark,2025-08-30 15:21:53
902,3,3,Rutgers,School,-88.13,Newark,2025-08-30 09:02:06
903,4,4,Rutgers,School,-187.99,Newark,2025-08-30 13:47:42
904,1,1,Rutgers,School,-72.05,Newark,2025-09-06 12:55:10
905,2,2,Rutgers,School,-140.55,Newark,2025-09-06 09:38:39
906,3,3,Rutgers,School,-102.26,Newark,2025-09-06 16:06:11
907,4,4,Rutgers,School,-65.65,Newark,2025-09-06 13:52:27
908,1,1,Rutgers,School,-68.63,Newark,2025-09-13 16:33:38
909,2,2,Rutgers,School,-185.6,Newark,2025-09-13 12:04:04
910,3,3,Rutgers,School,-135.04,Newark,2025-09-13 10:40:37
911,4,4,Rutgers,School,-240.72,Newark,2025-09-13 09:13:10
912,1,1,Rutgers,School,-156.63,Newark,2025-09-20 17:35:56
913,2,2,Rutgers,School,-64.59,Newark,2025-09-20 15:16:41
914,3,3,Rutgers,School,-182.08,Newark,2025-09-20 12:47:33
915,4,4,Rutgers,School,-54.47,Newark,2025-09-20 13:12:53
916,1,1,Rutgers,School,-163.85,Newark,2025-09-27 13:53:04
917,2,2,Rutgers,School,-69.77,Newark,2025-09-27 16:09:01
918,3,3,Rutgers,School,-163.11,Newark,2025-09-27 09:18:46
919,4,4,Rutgers,School,-117.93,Newark,2025-09-27 14:37:59
920,1,1,Rutgers,School,-58.6,Newark,2025-10-04 09:27:50
921,2,2,Rutgers,School,-88.91,Newark,2025-10-04 11:21:10
922,3,3,Rutgers,School,-196.17,Newark,2025-10-04 16:50:08
923,4,4,Rutgers,School,-201.88,Newark,2025-10-04 10:08:19
924,1,1,Rutgers,School,-98.33,Newark,2025-10-11 15:00:50
925,2,2,Rutgers,School,-102.76,Newark,2025-10-11 10:34:04
926,3,3,Rutgers,School,-52.45,Newark,2025-10-11 12:09:11
927,4,4,Rutgers,School,-166.82,Newark,2025-10-11 10:29:16
928,1,1,Rutgers,School,-63.93,Newark,2025-10-18 15:25:48
929,2,2,Rutgers,School,-75.52,Newark,2025-10-18 12:59:19
930,3,3,Rutgers,School,-109.14,Newark,2025-10-18 12:47:03
931,4,4,Rutgers,School,-202.88,Newark,2025-10-18 16:25:33
932,1,1,Rutgers,School,-128.7,Newark,2025-10-25 14:21:24
933,2,2,Rutgers,School,-185.74,Newark,2025-10-25 12:45:36
934,3,3,Rutgers,School,-191.16,Newark,2025-10-25 14:54:50
935,4,4,Rutgers,School,-179.33,Newark,2025-10-25 09:10:21
936,1,1,Rutgers,School,-74.69,Newark,2025-11-01 15:18:46
937,2,2,Rutgers,School,-162.35,Newark,2025-11-01 13:14:45
938,3,3,Rutgers,School,-54.01,Newark,2025-11-01 09:10:51
939,4,4,Rutgers,School,-53.34,Newark,2025-11-01 16:55:00
940,1,1,Rutgers,School,-83.04,Newark,2025-11-08 17:40:47
941,2,2,Rutgers,School,-127.79,Newark,2025-11-08 09:50:09
942,3,3,Rutgers,School,-75.57,Newark,2025-11-08 12:12:47
943,4,4,Rutgers,School,-77.61,Newark,2025-11-08 10:13:23
944,1,1,Rutgers,School,-51.88,Newark,2025-11-15 13:03:16
945,2,2,Rutgers,School,-77.55,Newark,2025-11-15 15:55:23
946,3,3,Rutgers,School,-218.7,Newark,2025-11-15 10:50:11
947,4,4,Rutgers,School,-97.6,Newark,2025-11-15 15:06:56
948,1,1,Rutgers,School,-64.5,Newark,2025-11-22 11:53:04
949,2,2,Rutgers,School,-100.54,Newark,2025-11-22 15:56:59
950,3,3,Rutgers,School,-214.91,Newark,2025-11-22 13:48:00
951,4,4,Rutgers,School,-74.42,Newark,2025-11-22 09:50:07
952,1,1,Rutgers,School,-100.26,Newark,2025-11-29 15:40:20
953,2,2,Rutgers,School,-85.26,Newark,2025-11-29 14:01:15
954,3,3,Rutgers,School,-74.83,Newark,2025-11-29 09:01:01
955,4,4,Rutgers,School,-112.63,Newark,2025-11-29 09:27:08
956,1,1,Rutgers,School,-120.24,Newark,2025-12-06 16:53:35
957,2,2,Rutgers,School,-152.87,Newark,2025-12-06 10:13:00
958,3,3,Rutgers,School,-78.32,Newark,2025-12-06 11:30:21
959,4,4,Rutgers,School,-181.07,Newark,2025-12-06 16:38:08
960,1,1,Rutgers,School,-207.93,Newark,2025-12-13 09:05:43
961,2,2,Rutgers,School,-64.05,Newark,2025-12-13 11:32:57
962,3,3,Rutgers,School,-222.56,Newark,2025-12-13 15:35:46
963,4,4,Rutgers,School,-107.48,Newark,2025-12-13 14:07:03
964,1,1,Rutgers,School,7000.0,Newark,2024-09-07 10:00:00
965,1,1,Rutgers,School,7000.0,Newark,2025-01-12 10:00:00
966,1,1,Rutgers,School,7000.0,Newark,2025-09-12 10:00:00
967,2,2,Rutgers,School,7000.0,Newark,2024-09-07 10:00:00
968,2,2,Rutgers,School,7000.0,Newark,2025-01-12 10:00:00
969,2,2,Rutgers,School,7000.0,Newark,2025-09-12 10:00:00
970,3,3,Rutgers,School,7000.0,Newark,2024-09-07 10:00:00
971,3,3,Rutgers,School,7000.0,Newark,2025-01-12 10:00:00
972,3,3,Rutgers,School,7000.0,Newark,2025-09-12 10:00:00
973,4,4,Rutgers,School,7000.0,Newark,2024-09-07 10:00:00
974,4,4,Rutgers,School,7000.0,Newark,2025-01-12 10:00:00
975,4,4,Rutgers,School,7000.0,Newark,2025-09-12 10:00:00
